{
	"miniprogramRoot": "miniprogram/",
	"cloudfunctionRoot": "cloudfunctions/",
	"setting": {
		"urlCheck": true,
		"es6": true,
		"postcss": true,
		"minified": true,
		"newFeature": true,
		"autoAudits": false,
		"nodeModules": true
	},
	"appid": "wx2b1c248fcf09a40e",
	"projectname": "movie-imooc",
	"libVersion": "2.2.5",
	"simulatorType": "wechat",
	"simulatorPluginLibVersion": {},
	"condition": {
		"search": {
			"current": -1,
			"list": []
		},
		"conversation": {
			"current": -1,
			"list": []
		},
		"plugin": {
			"current": -1,
			"list": []
		},
		"game": {
			"list": []
		},
		"miniprogram": {
			"current": 2,
			"list": [
				{
					"id": -1,
					"name": "db guide",
					"pathName": "pages/databaseGuide/databaseGuide",
					"query": ""
				},
				{
					"id": -1,
					"name": "comment",
					"pathName": "pages/comment/comment",
					"query": "movieid=30334073",
					"scene": null
				},
				{
					"id": -1,
					"name": "profile",
					"pathName": "pages/profile/profile",
					"query": "",
					"scene": null
				}
			]
		}
	}
}